{
    "Lenina_(ZAGZ)": {
        "bad": [
            "127.526548 50.258662", 
            "127.525119 50.258824"
        ], 
        "Zeyskaya": [
            "127.527722 50.259431", 
            "127.528148 50.261118", 
            "127.52657 50.261402", 
            "127.524522 50.260349"
        ], 
        "Krasnoflotskaya": [
            "127.527103 50.257946", 
            "127.525311 50.256596", 
            "127.523989 50.25777"
        ], 
        "k": {
            "Zeyskaya": 0.6, 
            "Krasnoflotskaya": 0.4
        }
    }, 
    "Lenina_(OKC)": {
        "bad": [
            "127.540563 50.257055", 
            "127.541928 50.25692", 
            "127.54308 50.256812", 
            "127.54421 50.25669", 
            "127.545831 50.256541", 
            "127.546407 50.256487", 
            "127.547729 50.256352", 
            "127.549457 50.256177"
        ], 
        "Zeyskaya": [
            "127.549841 50.256663", 
            "127.550118 50.257797", 
            "127.549926 50.258862", 
            "127.548668 50.258997", 
            "127.546919 50.259172", 
            "127.545981 50.25928", 
            "127.542484 50.259631", 
            "127.541034 50.259766", 
            "127.540863 50.259658", 
            "127.540607 50.258673", 
            "127.540458 50.258106"
        ], 
        "Amurskaya": [
            "127.541183 50.260846", 
            "127.541417 50.261913", 
            "127.542377 50.262386", 
            "127.543977 50.262237", 
            "127.545129 50.262116", 
            "127.546729 50.261954", 
            "127.548201 50.261819", 
            "127.549353 50.261711", 
            "127.55059 50.261576", 
            "127.550953 50.261063", 
            "127.550825 50.260618", 
            "127.550399 50.258985"
        ], 
        "k": {
            "Zeyskaya": 0.7, 
            "Amurskaya": 0.3
        }
    }, 
    "Oktyabrskaya_(50-Ostrovskays)": {
        "bad": [
            "127.537598 50.270826", 
            "127.538878 50.270691"
        ], 
        "Krasnoarmeskaya": [
            "127.53875 50.268019", 
            "127.536873 50.268222"
        ], 
        "Gorkogo": [
            "127.53619 50.265779", 
            "127.538088 50.265604"
        ], 
        "Severnaya": [
            "127.538045 50.272962", 
            "127.53973 50.272827"
        ], 
        "Lomonosova": [
            "127.535655 50.275756", 
            "127.536849 50.275661"
        ], 
        "k": {
            "Krasnoarmeskaya": 0.4, 
            "Gorkogo": 0.4,
            "Severnaya": 0.1,
            "Lomonosova": 0.1
        }
    }, 
    "Oktyabrskaya_(Kyznechnaya-Teatralnaya)": {
        "bad": [
            "127.550396 50.26953", 
            "127.552017 50.269368"
        ], 
        "Krasnoarmeskaya": [
            "127.550268 50.270462", 
            "127.550545 50.27165", 
            "127.551867 50.272056", 
            "127.553125 50.271543", 
            "127.552933 50.270423"
        ], 
        "Gorkogo": [
            "127.549862 50.269208", 
            "127.549713 50.268668", 
            "127.54935 50.267277", 
            "127.551782 50.266683", 
            "127.552401 50.267102"
        ], 
        "Severnaya": [
            "127.549074 50.266198", 
            "127.548839 50.265348", 
            "127.549287 50.264484", 
            "127.551079 50.264295", 
            "127.552124 50.264835", 
            "127.552529 50.266482"
        ], 
        "k": {
            "Krasnoarmeskaya": 0.5, 
            "Gorkogo": 0.3, 
            "Severnaya": 0.3
        }
    }, 
    "Gorkogo": {
        "bad": [
            "127.552463 50.264116", 
            "127.553785 50.263995", 
            "127.554915 50.263874", 
            "127.555832 50.263793", 
            "127.557474 50.263617", 
            "127.558029 50.263563", 
            "127.561249 50.263253", 
            "127.562635 50.263118", 
            "127.564896 50.262888", 
            "127.566624 50.262753"
        ], 
        "Amurskaya": [
            "127.551736 50.261469", 
            "127.55293 50.261334", 
            "127.55406 50.261226", 
            "127.554999 50.261118", 
            "127.556065 50.261024", 
            "127.558453 50.260781", 
            "127.560266 50.260592", 
            "127.561823 50.26043", 
            "127.565726 50.260039"
        ], 
        "Zeyskaya": [
            "127.564894 50.257568", 
            "127.562868 50.25777", 
            "127.560735 50.257986", 
            "127.559946 50.257891", 
            "127.55888 50.257999", 
            "127.553186 50.258554", 
            "127.551181 50.258743", 
            "127.55116 50.260741", 
            "127.551288 50.261254", 
            "127.550477 50.259298"
        ], 
        "Krasnoarmeskaya": [
            "127.552205 50.265144", 
            "127.552504 50.26644", 
            "127.553187 50.266521", 
            "127.55532 50.266291", 
            "127.562743 50.26567", 
            "127.564364 50.265467", 
            "127.567308 50.265224", 
            "127.566988 50.263726"
        ], 
        "Oktyabrskaya": [
            "127.553615 50.269235", 
            "127.555982 50.268992", 
            "127.557582 50.268857", 
            "127.559246 50.268681", 
            "127.563896 50.268237", 
            "127.564856 50.268156", 
            "127.56748 50.267859"
        ], 
        "k": {
            "Amurskaya": 0.0,
            "Zeyskaya": 0.0,
            "Krasnoarmeskaya": 0.0,
            "Oktyabrskaya": 0.0
        }
    }, 
    "settings": {
        "date": [
            "16.06.2023", 
            "16.06.2023"
        ], 
        "time": [
            "06:00", 
            "07:00", 
            "08:00", 
            "09:00", 
            "10:00", 
            "11:00", 
            "12:00", 
            "13:00", 
            "14:00", 
            "15:00", 
            "16:00", 
            "17:00", 
            "18:00", 
            "19:00", 
            "20:00", 
            "21:00", 
            "22:00"
        ]
    }
}